,job,bias,stat
0,관리자 ,-0.206578374325052,11.0
1,전문가,-0.17310138401813258,45.3
2,사무직,-0.0898974039328917,47.3
3,서비스직,-0.15329034522488416,65.9
4,판매업,-0.21104542166890172,50.0
5,농림어업,-0.11226667908039012,40.6
6,기능원,-0.21604247966764034,14.2
7,기계조작,-0.21179395930630363,12.7
8,단순노무,-0.15194640970209727,52.5
